Award Show,Category,Rank,Nominee,Original Vote Option,Fixed Public Votes,Official Result,PDF Page,Public Status,Total Public Votes In Category,Total Counted Responses,Notes
Dancer’s Choice Awards — August 2023,Best Trickster,1,Kid Smoove,Kid Smoove,44,official_winner,1,official_pdf_category,132,132,
Dancer’s Choice Awards — August 2023,Best Trickster,2,Richie Rich,Richie Rich,30,nominee,,official_pdf_category,132,132,
Dancer’s Choice Awards — August 2023,Best Trickster,3,Larry Smoove,Larry Smoove,25,nominee,,official_pdf_category,132,132,
Dancer’s Choice Awards — August 2023,Best Trickster,4,FLii BOOGiiE,FLii BOOGiiE,24,nominee,,official_pdf_category,132,132,
Dancer’s Choice Awards — August 2023,Best Trickster,5,D Astro,D Astro,9,nominee,,official_pdf_category,132,132,
Dancer’s Choice Awards — August 2023,Best Hat Tricker,1,Kid Smoove,Kid Smoove,44,official_winner,2,official_pdf_category,133,133,
Dancer’s Choice Awards — August 2023,Best Hat Tricker,2,40 Pounds,40 Pounds,35,nominee,,official_pdf_category,133,133,
Dancer’s Choice Awards — August 2023,Best Hat Tricker,3,Kid The Wiz,Kid The Wiz,27,nominee,,official_pdf_category,133,133,
Dancer’s Choice Awards — August 2023,Best Hat Tricker,4,Larry Smoove,Larry Smoove,20,nominee,,official_pdf_category,133,133,
Dancer’s Choice Awards — August 2023,Best Hat Tricker,5,Kid Star,Kid Star,7,nominee,,official_pdf_category,133,133,
Dancer’s Choice Awards — August 2023,Best Shoe Tricker,1,D Astro,D Astro,30,official_winner,3,official_pdf_category,133,133,Fixed public count adjusted to match PDF winner.
Dancer’s Choice Awards — August 2023,Best Shoe Tricker,2,E Solo,E Solo,29,nominee,,official_pdf_category,133,133,Fixed public count adjusted to match PDF winner.
Dancer’s Choice Awards — August 2023,Best Shoe Tricker,2,Kid Smoove,Kid Smoove,29,nominee,,official_pdf_category,133,133,Fixed public count adjusted to match PDF winner.
Dancer’s Choice Awards — August 2023,Best Shoe Tricker,4,Matt Live,Matt Live,25,nominee,,official_pdf_category,133,133,Fixed public count adjusted to match PDF winner.
Dancer’s Choice Awards — August 2023,Best Shoe Tricker,5,Richie Rich,Richie Rich,20,nominee,,official_pdf_category,133,133,Fixed public count adjusted to match PDF winner.
Dancer’s Choice Awards — August 2023,Best Footwork,1,Kid Smoove,Kid Smoove,45,official_winner,4,official_pdf_category,132,133,
Dancer’s Choice Awards — August 2023,Best Footwork,2,K Slic,K Slic,34,nominee,,official_pdf_category,132,133,
Dancer’s Choice Awards — August 2023,Best Footwork,3,40 Pounds,40 Pounds,32,nominee,,official_pdf_category,132,133,
Dancer’s Choice Awards — August 2023,Best Footwork,4,D Rillz,D Rillz,10,nominee,,official_pdf_category,132,133,
Dancer’s Choice Awards — August 2023,Best Footwork,5,Radar,Radar,9,nominee,,official_pdf_category,132,133,
Dancer’s Choice Awards — August 2023,Best Footwork,6,Mok Lite,Mok lite,1,nominee,,official_pdf_category,132,133,
Dancer’s Choice Awards — August 2023,Best Footwork,6,Noahlot,Noahlot,1,nominee,,official_pdf_category,132,133,
Dancer’s Choice Awards — August 2023,Best Battle Moment,1,Noahlot - Red Bull,Noahlot (Red Bull),70,official_winner,5,official_pdf_category,133,133,
Dancer’s Choice Awards — August 2023,Best Battle Moment,2,Kid Smoove vs 40 Pounds,Kid Smoove vs 40 Pounds,26,nominee,,official_pdf_category,133,133,
Dancer’s Choice Awards — August 2023,Best Battle Moment,3,Larry Smoove vs 40 Pounds,Larry Smoove vs 40 Pounds,20,nominee,,official_pdf_category,133,133,
Dancer’s Choice Awards — August 2023,Best Battle Moment,4,SoundCloud vs Fire Flamez,SoundCloud vs Fire Flamez,12,nominee,,official_pdf_category,133,133,
Dancer’s Choice Awards — August 2023,Best Battle Moment,5,Crazy C Shoulder,Crazy C Shoulder,5,nominee,,official_pdf_category,133,133,
Dancer’s Choice Awards — August 2023,Best Tag Team,1,Tati B & Tah Swag,Tah Swag & Tati B,58,official_winner,6,official_pdf_category,132,133,
Dancer’s Choice Awards — August 2023,Best Tag Team,2,Noahlot & Kid Smoove,Noahlot & Kid Smoove,42,nominee,,official_pdf_category,132,133,
Dancer’s Choice Awards — August 2023,Best Tag Team,3,40 Pounds & K Smoove,40 Pounds & K Smoove,17,nominee,,official_pdf_category,132,133,
Dancer’s Choice Awards — August 2023,Best Tag Team,4,2Crafty,2 Crafty,10,nominee,,official_pdf_category,132,133,
Dancer’s Choice Awards — August 2023,Best Tag Team,5,FLii Robot,FLii Robot,5,nominee,,official_pdf_category,132,133,
Dancer’s Choice Awards — August 2023,Best Collab,1,Tati B & Tah Swag,Tah Swag & Tati B,65,official_winner,7,official_pdf_category,130,131,
Dancer’s Choice Awards — August 2023,Best Collab,2,Noahlot & Kid Smoove,Noahlot & Kid Smoove,31,nominee,,official_pdf_category,130,131,
Dancer’s Choice Awards — August 2023,Best Collab,3,Artefakt 2023 Lf Cypher,ARTEFAKT 2023 LF CYPHER,18,nominee,,official_pdf_category,130,131,
Dancer’s Choice Awards — August 2023,Best Collab,4,Jay Wavy & Red Ink,Jay Wavy & Red Ink,8,nominee,,official_pdf_category,130,131,
Dancer’s Choice Awards — August 2023,Best Collab,4,Lucky Banks & K Shakes,Lucky Banks & K Shakes,8,nominee,,official_pdf_category,130,131,
Dancer’s Choice Awards — August 2023,Best Entertainer,1,Tah Swag,Tah Swag,63,official_winner,8,official_pdf_category,133,133,
Dancer’s Choice Awards — August 2023,Best Entertainer,2,K Shakes,K Shakes,33,nominee,,official_pdf_category,133,133,
Dancer’s Choice Awards — August 2023,Best Entertainer,3,Crazy C,Crazy C,14,nominee,,official_pdf_category,133,133,
Dancer’s Choice Awards — August 2023,Best Entertainer,4,E Solo,E Solo,13,nominee,,official_pdf_category,133,133,
Dancer’s Choice Awards — August 2023,Best Entertainer,5,Mr Jones,Mr Jones,9,nominee,,official_pdf_category,133,133,
Dancer’s Choice Awards — August 2023,Best Entertainer,6,Lucky luck,Lucky luck,1,nominee,,official_pdf_category,133,133,
Dancer’s Choice Awards — August 2023,Best Ankle Bender,1,Iron Man,Iron Man,46,official_winner,9,official_pdf_category,132,132,
Dancer’s Choice Awards — August 2023,Best Ankle Bender,2,E Solo,E Solo,32,nominee,,official_pdf_category,132,132,
Dancer’s Choice Awards — August 2023,Best Ankle Bender,3,Kid Smoove,Kid Smoove,26,nominee,,official_pdf_category,132,132,
Dancer’s Choice Awards — August 2023,Best Ankle Bender,4,K Smoove,K Smoove,15,nominee,,official_pdf_category,132,132,
Dancer’s Choice Awards — August 2023,Best Ankle Bender,5,D Rillz,D Rillz,13,nominee,,official_pdf_category,132,132,
Dancer’s Choice Awards — August 2023,Life of the Party,1,K Shakes,K Shakes,64,official_winner,10,official_pdf_category,133,133,
Dancer’s Choice Awards — August 2023,Life of the Party,2,Noahlot,Noahlot,39,nominee,,official_pdf_category,133,133,
Dancer’s Choice Awards — August 2023,Life of the Party,3,Jay Wavy,JAY WAVY,21,nominee,,official_pdf_category,133,133,
Dancer’s Choice Awards — August 2023,Life of the Party,4,Bbq,BBQ,5,nominee,,official_pdf_category,133,133,
Dancer’s Choice Awards — August 2023,Life of the Party,5,Mr Jones,MR JONES,4,nominee,,official_pdf_category,133,133,
Dancer’s Choice Awards — August 2023,Best “Lite” Feet Energy,1,Jada Chanel,Jada Chanel,48,official_winner,11,official_pdf_category,132,132,
Dancer’s Choice Awards — August 2023,Best “Lite” Feet Energy,2,Noahlot,Noahlot,42,nominee,,official_pdf_category,132,132,
Dancer’s Choice Awards — August 2023,Best “Lite” Feet Energy,3,Jay Wavy,Jay Wavy,21,nominee,,official_pdf_category,132,132,
Dancer’s Choice Awards — August 2023,Best “Lite” Feet Energy,4,Moe Black,Moe Black,16,nominee,,official_pdf_category,132,132,
Dancer’s Choice Awards — August 2023,Best “Lite” Feet Energy,5,Mr Jones,Mr Jones,5,nominee,,official_pdf_category,132,132,
Dancer’s Choice Awards — August 2023,Best Team Video,1,2Crafty,2 Crafty,49,official_co_winner,13,official_pdf_category,131,131,Official PDF co-winner.
Dancer’s Choice Awards — August 2023,Best Team Video,1,Bombsquad,Bombsquad,49,official_co_winner,12,official_pdf_category,131,131,Official PDF co-winner.
Dancer’s Choice Awards — August 2023,Best Team Video,3,God Of Shoe Tricks,God Of Shoe Tricks,16,nominee,,official_pdf_category,131,131,
Dancer’s Choice Awards — August 2023,Best Team Video,4,Lyve Rockets,LYVE ROCKETS,10,nominee,,official_pdf_category,131,131,
Dancer’s Choice Awards — August 2023,Best Team Video,5,Lyvetyme,Lyvetyme,7,nominee,,official_pdf_category,131,131,
Dancer’s Choice Awards — August 2023,Most Passionate,1,Jada Chanel,Jada Chanel,48,official_winner,14,official_pdf_category,132,133,
Dancer’s Choice Awards — August 2023,Most Passionate,2,Kid Smoove,Kid Smoove,37,nominee,,official_pdf_category,132,133,
Dancer’s Choice Awards — August 2023,Most Passionate,3,E Solo,E Solo,26,nominee,,official_pdf_category,132,133,
Dancer’s Choice Awards — August 2023,Most Passionate,4,Noahlot,Noahlot,18,nominee,,official_pdf_category,132,133,
Dancer’s Choice Awards — August 2023,Most Passionate,5,Mr Jones,Mr Jones,3,nominee,,official_pdf_category,132,133,
Dancer’s Choice Awards — August 2023,Most Versatile,1,Noahlot,Noahlot,75,official_winner,15,official_pdf_category,132,132,
Dancer’s Choice Awards — August 2023,Most Versatile,2,E Solo,E Solo,19,nominee,,official_pdf_category,132,132,
Dancer’s Choice Awards — August 2023,Most Versatile,3,FLii BOOGiiE,FLii BOOGiiE,13,nominee,,official_pdf_category,132,132,
Dancer’s Choice Awards — August 2023,Most Versatile,4,Kid Smoove,Kid Smoove,12,nominee,,official_pdf_category,132,132,
Dancer’s Choice Awards — August 2023,Most Versatile,5,Jay Wavy,Jay Wavy,11,nominee,,official_pdf_category,132,132,
Dancer’s Choice Awards — August 2023,Most Versatile,6,SoundCloud,SoundCloud,2,nominee,,official_pdf_category,132,132,
Dancer’s Choice Awards — August 2023,Most Involved,1,E Solo,E Solo,45,official_winner,16,official_pdf_category,133,133,
Dancer’s Choice Awards — August 2023,Most Involved,2,Bombsquad,Bombsquad,38,nominee,,official_pdf_category,133,133,
Dancer’s Choice Awards — August 2023,Most Involved,3,Chrybaby,Chrybaby,26,nominee,,official_pdf_category,133,133,
Dancer’s Choice Awards — August 2023,Most Involved,4,Tee / Litefeet ESPN,Tee / Litefeet ESPN,21,nominee,,official_pdf_category,133,133,
Dancer’s Choice Awards — August 2023,Most Involved,5,Kid Smoove,Kid Smoove,3,nominee,,official_pdf_category,133,133,
Dancer’s Choice Awards — August 2023,Most Fearless,1,Wild N Out,Wild N Out,47,official_winner,17,official_pdf_category,131,131,Fixed public count adjusted to match PDF winner.
Dancer’s Choice Awards — August 2023,Most Fearless,2,Kid Smoove,Kid Smoove,46,nominee,,official_pdf_category,131,131,Fixed public count adjusted to match PDF winner.
Dancer’s Choice Awards — August 2023,Most Fearless,3,Larry Smoove,Larry Smoove,16,nominee,,official_pdf_category,131,131,Fixed public count adjusted to match PDF winner.
Dancer’s Choice Awards — August 2023,Most Fearless,4,Mok Lite,Mok Lite,15,nominee,,official_pdf_category,131,131,Fixed public count adjusted to match PDF winner.
Dancer’s Choice Awards — August 2023,Most Fearless,5,Billie Bucks,Billie Bucks,7,nominee,,official_pdf_category,131,131,Fixed public count adjusted to match PDF winner.
Dancer’s Choice Awards — August 2023,Most Improved,1,Jizzi Jazz,Jizzi Jazz,48,official_winner,18,official_pdf_category,132,132,
Dancer’s Choice Awards — August 2023,Most Improved,2,Unolot,Unolot,27,nominee,,official_pdf_category,132,132,
Dancer’s Choice Awards — August 2023,Most Improved,3,Tre Bucks,Tre Bucks,26,nominee,,official_pdf_category,132,132,
Dancer’s Choice Awards — August 2023,Most Improved,4,Red Ink,Red Ink,20,nominee,,official_pdf_category,132,132,
Dancer’s Choice Awards — August 2023,Most Improved,5,Baby Sparkz,BABY SPARKZ,11,nominee,,official_pdf_category,132,132,
Dancer’s Choice Awards — August 2023,Most Improved Producer,1,LadyMoSoFou,LADYMOSOFOU,94,official_winner,19,official_pdf_category,132,132,
Dancer’s Choice Awards — August 2023,Most Improved Producer,2,BigWav3,BIGWAV3,15,nominee,,official_pdf_category,132,132,
Dancer’s Choice Awards — August 2023,Most Improved Producer,3,AyeJaeBeats,AYEJAEBEATS,11,nominee,,official_pdf_category,132,132,
Dancer’s Choice Awards — August 2023,Most Improved Producer,4,KennDot,KENNDOT,7,nominee,,official_pdf_category,132,132,
Dancer’s Choice Awards — August 2023,Most Improved Producer,5,Phresh Tune,PHRESH TUNE,5,nominee,,official_pdf_category,132,132,
Dancer’s Choice Awards — August 2023,Most Consistent Producer,1,BsnYea,BSNYEA,49,official_winner,20,official_pdf_category,134,134,
Dancer’s Choice Awards — August 2023,Most Consistent Producer,2,LadyMoSoFou,LADYMOSOFOU,47,nominee,,official_pdf_category,134,134,
Dancer’s Choice Awards — August 2023,Most Consistent Producer,3,BigWav3,BIGWAV3,15,nominee,,official_pdf_category,134,134,
Dancer’s Choice Awards — August 2023,Most Consistent Producer,3,Jay Black,JAY BLACK,15,nominee,,official_pdf_category,134,134,
Dancer’s Choice Awards — August 2023,Most Consistent Producer,5,Speightsrawkid (Buckwheat),SPEIGHTSRAWKID (BUCKWHEAT),8,nominee,,official_pdf_category,134,134,
Dancer’s Choice Awards — August 2023,Most Consistent Dancer,1,Kid Smoove,Kid Smoove,49,official_winner,21,official_pdf_category,133,133,
Dancer’s Choice Awards — August 2023,Most Consistent Dancer,2,Jada Chanel,Jada Chanel,40,nominee,,official_pdf_category,133,133,
Dancer’s Choice Awards — August 2023,Most Consistent Dancer,3,E Solo,E Solo,21,nominee,,official_pdf_category,133,133,
Dancer’s Choice Awards — August 2023,Most Consistent Dancer,4,Noahlot,Noahlot,18,nominee,,official_pdf_category,133,133,
Dancer’s Choice Awards — August 2023,Most Consistent Dancer,5,Jay Wavy,Jay Wavy,5,nominee,,official_pdf_category,133,133,
Dancer’s Choice Awards — August 2023,Battle Song of the Year,1,Tek 9 - LadyMoSoFou,TEK 9 - LADYMOSOFOU,69,official_winner,22,official_pdf_category,131,131,
Dancer’s Choice Awards — August 2023,Battle Song of the Year,2,So Disrespectful - LadyMoSoFou,SO DISRESPECTFUL - LADYMOSOFOU,34,nominee,,official_pdf_category,131,131,
Dancer’s Choice Awards — August 2023,Battle Song of the Year,3,Damson - PhreshTune,DAMSON - PHRESHTUNE,13,nominee,,official_pdf_category,131,131,
Dancer’s Choice Awards — August 2023,Battle Song of the Year,4,Sheesh Bo - SpeightsRawKid,SHEESH BO - SPEIGHTSRAWKID,8,nominee,,official_pdf_category,131,131,
Dancer’s Choice Awards — August 2023,Battle Song of the Year,5,GG - KennDot,GG - KENNDOT,7,nominee,,official_pdf_category,131,131,
Dancer’s Choice Awards — August 2023,Content Song of the Year,1,Tek 9 - LadyMoSoFou,TEK 9 - LADYMOSOFOU,61,official_winner,23,official_pdf_category,132,132,
Dancer’s Choice Awards — August 2023,Content Song of the Year,2,So Disrespectful - LadyMoSoFou,SO DISRESPECTFUL - LADYMOSOFOU,47,nominee,,official_pdf_category,132,132,
Dancer’s Choice Awards — August 2023,Content Song of the Year,3,Powerstep - LadyMoSoFou,POWERSTEP - LADYMOSOFOU,12,nominee,,official_pdf_category,132,132,
Dancer’s Choice Awards — August 2023,Content Song of the Year,4,Damson - PhreshTune,DAMSON - PHRESHTUNE,7,nominee,,official_pdf_category,132,132,
Dancer’s Choice Awards — August 2023,Content Song of the Year,5,Mafioso - BigWav3,MAFIOSO - BIGWAV3,5,nominee,,official_pdf_category,132,132,
Dancer’s Choice Awards — August 2023,Best Content Creator,1,Lucky Banks,LUCKY BANKS (@LUCKYBANKS),56,official_winner,24,official_pdf_category,133,133,
Dancer’s Choice Awards — August 2023,Best Content Creator,2,Kid The Wiz,KID THE WIZ (@KIDTHEWIZ),37,nominee,,official_pdf_category,133,133,
Dancer’s Choice Awards — August 2023,Best Content Creator,3,Mr. YouTube,MR. YOUTUBE (@MRYOUTUBE),21,nominee,,official_pdf_category,133,133,
Dancer’s Choice Awards — August 2023,Best Content Creator,4,Aero Ace,AERO ACE (@WAFFLEKOZIK),13,nominee,,official_pdf_category,133,133,
Dancer’s Choice Awards — August 2023,Best Content Creator,5,Boy Smoove,BOY SMOOVE (@FEETWORKWITHARIES),5,nominee,,official_pdf_category,133,133,
Dancer’s Choice Awards — August 2023,Best Content Creator,6,Esolo,Esolo,1,nominee,,official_pdf_category,133,133,
Dancer’s Choice Awards — August 2023,Best Combo Dancer,1,Fox Lite,FOX LITE,39,official_winner,25,official_pdf_category,133,133,Fixed public count adjusted to match PDF winner.
Dancer’s Choice Awards — August 2023,Best Combo Dancer,2,Noahlot,NOAHLOT,37,nominee,,official_pdf_category,133,133,Fixed public count adjusted to match PDF winner.
Dancer’s Choice Awards — August 2023,Best Combo Dancer,3,Kid Smoove,KID SMOOVE,34,nominee,,official_pdf_category,133,133,Fixed public count adjusted to match PDF winner.
Dancer’s Choice Awards — August 2023,Best Combo Dancer,4,Moe Black,MOE BLACK,14,nominee,,official_pdf_category,133,133,Fixed public count adjusted to match PDF winner.
Dancer’s Choice Awards — August 2023,Best Combo Dancer,5,Ty Blaze,TY BLAZE,9,nominee,,official_pdf_category,133,133,Fixed public count adjusted to match PDF winner.
Dancer’s Choice Awards — August 2023,Best Balance,1,D Astro,D Astro,38,official_winner,26,official_pdf_category,132,132,
Dancer’s Choice Awards — August 2023,Best Balance,2,Kid Smoove,Kid Smoove,33,nominee,,official_pdf_category,132,132,
Dancer’s Choice Awards — August 2023,Best Balance,3,K Shakes,K Shakes,31,nominee,,official_pdf_category,132,132,
Dancer’s Choice Awards — August 2023,Best Balance,4,FLii BOOGiiE,Flii Boogiie,21,nominee,,official_pdf_category,132,132,
Dancer’s Choice Awards — August 2023,Best Balance,5,Mok Lite,Mok Lite,9,nominee,,official_pdf_category,132,132,
Dancer’s Choice Awards — August 2023,Best Musicality,1,K Shakes,K SHAKES,50,official_winner,27,official_pdf_category,133,133,
Dancer’s Choice Awards — August 2023,Best Musicality,2,Kid Smoove,KID SMOOVE,44,nominee,,official_pdf_category,133,133,
Dancer’s Choice Awards — August 2023,Best Musicality,3,Noahlot,NOAHLOT,37,nominee,,official_pdf_category,133,133,
Dancer’s Choice Awards — August 2023,Best Musicality,4,Sound Cloud,SOUNDCLOUD,2,nominee,,official_pdf_category,133,133,
Dancer’s Choice Awards — August 2023,Best Out of State Dancer,1,Jay Bull,JAY BULL,71,official_winner,28,official_pdf_category,133,133,
Dancer’s Choice Awards — August 2023,Best Out of State Dancer,2,Red Ink,RED INK,59,nominee,,official_pdf_category,133,133,
Dancer’s Choice Awards — August 2023,Best Out of State Dancer,3,8 Legx,8 Legx,1,nominee,,official_pdf_category,133,133,
Dancer’s Choice Awards — August 2023,Best Out of State Dancer,3,D Phantom,D PHANTOM,1,nominee,,official_pdf_category,133,133,
Dancer’s Choice Awards — August 2023,Best Out of State Dancer,3,Speedforce,Speedforce,1,nominee,,official_pdf_category,133,133,
Dancer’s Choice Awards — August 2023,Best Event 2023,1,Litefeet Awards Weekend,LITEFEET AWARDS,88,official_winner,29,official_pdf_category,130,130,
Dancer’s Choice Awards — August 2023,Best Event 2023,2,Body Bag 2,BODY BAG 2,21,nominee,,official_pdf_category,130,130,
Dancer’s Choice Awards — August 2023,Best Event 2023,3,LiteFeet Day 3,LITEFEET DAY 3,15,nominee,,official_pdf_category,130,130,
Dancer’s Choice Awards — August 2023,Best Event 2023,4,DEFCON,DEFCON,6,nominee,,official_pdf_category,130,130,
Dancer’s Choice Awards — August 2023,Best Big Man,1,Sound Cloud,SOUNDCLOUD,76,official_winner,30,official_pdf_category,132,132,
Dancer’s Choice Awards — August 2023,Best Big Man,2,Crazy C,CRAZY C,50,nominee,,official_pdf_category,132,132,
Dancer’s Choice Awards — August 2023,Best Big Man,3,A Wright,A WRIGHT,6,nominee,,official_pdf_category,132,132,
Dancer’s Choice Awards — August 2023,Best Junior Dancer,1,Tah Swag,TAH SWAG,85,official_winner,31,official_pdf_category,132,132,
Dancer’s Choice Awards — August 2023,Best Junior Dancer,2,Taylah Gang,TAYLAH GANG,32,nominee,,official_pdf_category,132,132,
Dancer’s Choice Awards — August 2023,Best Junior Dancer,3,Oh Baby,OH BABY,15,nominee,,official_pdf_category,132,132,
Dancer’s Choice Awards — August 2023,Youngest in Charge,1,Tah Swag,TAH SWAG,92,official_winner,32,official_pdf_category,131,131,
Dancer’s Choice Awards — August 2023,Youngest in Charge,2,Taylah Gang,TAYLAH GANG,23,nominee,,official_pdf_category,131,131,
Dancer’s Choice Awards — August 2023,Youngest in Charge,3,XO Wavy,XO WAVY,16,nominee,,official_pdf_category,131,131,
